<?xml version="1.0" encoding="utf-8"?>
<extension type="plugin" group="joomgallery" version="3.0" method="upgrade">
  <name>plg_joomgallery_photoswipe</name>
  <creationDate>30.01.2015</creationDate>
  <author>Erftralle</author>
  <authorEmail>Erftralle@users.noreply.github.com</authorEmail>  
  <authorUrl>https://github.com/Erftralle</authorUrl>
  <copyright>(c) 2015 Erftralle, (c) 2013 - 2014 JoomGallery::ProjectTeam</copyright>
  <license>This software is released under the GNU/GPL License</license>
  <version>1.0 BETA</version>
  <description>PLG_JOOMGALLERY_PHOTOSWIPE_DESC</description>
  <files>
    <filename plugin="photoswipe">photoswipe.php</filename>
    <filename>LICENSE</filename>
    <filename>Mobile_Detect.php</filename>    
    <filename>index.html</filename>
  </files>
  <media destination="plg_joomgallery_photoswipe" folder="media">
    <filename>index.html</filename>
    <filename>jg-photoswipe.js</filename>
    <filename>LICENSE</filename>
    <filename>photoswipe-ui-default.js</filename>
    <filename>photoswipe-ui-default.min.js</filename>
    <filename>photoswipe.css</filename>
    <filename>photoswipe.js</filename>
    <filename>photoswipe.min.js</filename>
    <filename>default-skin/index.html</filename>    
    <filename>default-skin/default-skin.css</filename>
    <filename>default-skin/default-skin.png</filename>
    <filename>default-skin/preloader.gif</filename>
  </media>
  <languages>
    <language tag="en-GB">language/en-GB/en-GB.plg_joomgallery_photoswipe.ini</language>
    <language tag="en-GB">language/en-GB/en-GB.plg_joomgallery_photoswipe.sys.ini</language>
    <language tag="de-DE">language/de-DE/de-DE.plg_joomgallery_photoswipe.ini</language>
    <language tag="de-DE">language/de-DE/de-DE.plg_joomgallery_photoswipe.sys.ini</language>
  </languages>
  <config>
    <fields name="params" addfieldpath="administrator/components/com_joomgallery/models/fields" addrulepath="administrator/components/com_joomgallery/models/rules">
      <fieldset name="basic">
        <field name="cfg_openimage" type="openimage" default="0" label="PLG_JOOMGALLERY_PHOTOSWIPE_OPENIMAGE_LBL" description="PLG_JOOMGALLERY_PHOTOSWIPE_OPENIMAGE_DESC" detail="true" defaultMethod="false" prefix="PLG_JOOMGALLERY_PHOTOSWIPE_OPENIMAGE_">
        </field>
        <!--
        <field name="cfg_operationmode" type="list" default="1" label="PLG_JOOMGALLERY_PHOTOSWIPE_OPERATIONMODE_LBL" description="PLG_JOOMGALLERY_PHOTOSWIPE_OPERATIONMODE_DESC">
          <option value="0">PLG_JOOMGALLERY_PHOTOSWIPE_OPERATIONMODE_STANDARD_LBL</option>
          <option value="1">PLG_JOOMGALLERY_PHOTOSWIPE_OPERATIONMODE_SLIDESHOW_LBL</option>
        </field>
        <field name="cfg_imagescalemethod" type="list" default="fit" label="PLG_JOOMGALLERY_PHOTOSWIPE_IMAGESCALEMETHOD_LBL" description="PLG_JOOMGALLERY_PHOTOSWIPE_IMAGESCALEMETHOD_DESC">
          <option value="fit">PLG_JOOMGALLERY_PHOTOSWIPE_IMAGESCALEMETHOD_FIT_LBL</option>
          <option value="fitNoUpscale">PLG_JOOMGALLERY_PHOTOSWIPE_IMAGESCALEMETHOD_FITNOUPSCALE_LBL</option>
          <option value="zoom">PLG_JOOMGALLERY_PHOTOSWIPE_IMAGESCALEMETHOD_ZOOM_LBL</option>
        </field>          
        -->
        <field name="cfg_loop" class="btn-group" type="radio" default="1" label="PLG_JOOMGALLERY_PHOTOSWIPE_LOOP_LBL" description="PLG_JOOMGALLERY_PHOTOSWIPE_LOOP_DESC">
          <option value="0">PLG_JOOMGALLERY_PHOTOSWIPE_NO_LBL</option>
          <option value="1">PLG_JOOMGALLERY_PHOTOSWIPE_YES_LBL</option>
        </field>    
        <!--          
        <field name="cfg_slidespeed" class="validate-numeric" type="text" default="250" label="PLG_JOOMGALLERY_PHOTOSWIPE_SLIDESPEED_LBL" description="PLG_JOOMGALLERY_PHOTOSWIPE_SLIDESPEED_DESC" required="true"/>          
        <field name="cfg_fadespeed" class="validate-numeric" type="text" default="250" label="PLG_JOOMGALLERY_PHOTOSWIPE_FADESPEED_LBL" description="PLG_JOOMGALLERY_PHOTOSWIPE_FADESPEED_DESC" required="true"/>
        <field name="cfg_zindex" class="validate-numeric" type="text" default="1000" label="PLG_JOOMGALLERY_PHOTOSWIPE_ZINDEX_LBL" description="PLG_JOOMGALLERY_PHOTOSWIPE_ZINDEX_DESC" required="true"/>
        -->          
      </fieldset>
      <fieldset name="PLG_JOOMGALLERY_PHOTOSWIPE_TOOLBARANDCAPTION_PARAMETER_LBL" label="PLG_JOOMGALLERY_PHOTOSWIPE_TOOLBARANDCAPTION_PARAMETER_LBL">
        <field name="cfg_captionshow" class="btn-group" type="radio" default="1" label="PLG_JOOMGALLERY_PHOTOSWIPE_CPSHOW_LBL" description="PLG_JOOMGALLERY_PHOTOSWIPE_CPSHOW_DESC">
          <option value="0">PLG_JOOMGALLERY_PHOTOSWIPE_NO_LBL</option>
          <option value="1">PLG_JOOMGALLERY_PHOTOSWIPE_YES_LBL</option>
        </field>
        <!--    
        <field name="cfg_captionandtoolbarautohidedelay" class="validate-numeric" type="text" default="5000" label="PLG_JOOMGALLERY_PHOTOSWIPE_CPAUTOHIDEDELAY_LBL" description="PLG_JOOMGALLERY_PHOTOSWIPE_CPAUTOHIDEDELAY_DESC" required="true"/>          
        <field name="cfg_captionandtoolbarflipposition" class="btn-group" type="radio" default="0" label="PLG_JOOMGALLERY_PHOTOSWIPE_CPFLIPPOSITION_LBL" description="PLG_JOOMGALLERY_PHOTOSWIPE_CPFLIPPOSITION_DESC">
          <option value="0">PLG_JOOMGALLERY_PHOTOSWIPE_NO_LBL</option>
          <option value="1">PLG_JOOMGALLERY_PHOTOSWIPE_YES_LBL</option>
        </field>
        -->
      </fieldset>
      <!--
      <fieldset name="PLG_JOOMGALLERY_PHOTOSWIPE_SLIDESHOW_PARAMETER_LBL" label="PLG_JOOMGALLERY_PHOTOSWIPE_SLIDESHOW_PARAMETER_LBL">
        <field name="cfg_slideinterval" class="validate-numeric" type="text" default="3000" label="PLG_JOOMGALLERY_PHOTOSWIPE_SLIDEINTERVAL_LBL" description="PLG_JOOMGALLERY_PHOTOSWIPE_SLIDEINTERVAL_DESC" required="true"/>
        <field name="cfg_slideautostart" class="btn-group" type="radio" default="1" label="PLG_JOOMGALLERY_PHOTOSWIPE_SLIDEAUTOSTART_LBL" description="PLG_JOOMGALLERY_PHOTOSWIPE_SLIDEAUTOSTART_DESC">
          <option value="0">PLG_JOOMGALLERY_PHOTOSWIPE_NO_LBL</option>
          <option value="1">PLG_JOOMGALLERY_PHOTOSWIPE_YES_LBL</option>
        </field>    
      </fieldset>
      -->
    </fields>
  </config>
</extension>